<?xml version="1.0" encoding="utf-8" ?>
<!--
Licensee: Filipa Santos(Universidade do Minho)
License Type: Academic
-->
<!DOCTYPE hibernate-mapping PUBLIC "-//Hibernate/Hibernate Mapping DTD 3.0//EN" "http://www.hibernate.org/dtd/hibernate-mapping-3.0.dtd">
<hibernate-mapping>
	<class name="backend.dao.Ratings" table="ratings" lazy="false">
		<id name="idRatings" column="idRatings" type="integer" unsaved-value="0">
			<generator class="increment">
			</generator>
		</id>
		<property name="rating" column="rating" type="integer" length="10" not-null="true" lazy="false"/>
		<many-to-one name="idResource" cascade="lock" column="idResource" index="fk_Ratings_Resources1_idx" class="backend.dao.Resources" not-null="true" lazy="proxy" access="field">
		</many-to-one>
		<many-to-one name="idUser" cascade="lock" column="idUser" index="fk_Ratings_Users1_idx" class="backend.dao.Users" not-null="true" lazy="proxy" access="field">
		</many-to-one>
	</class>
</hibernate-mapping>
